{
    "appId": "io.ionic.starter",
    "appName": "proyecto-app-moviles",
    "bundledWebRuntime": false,
    "npmClient": "npm",
    "webDir": "www",
    "plugins": {
        "SplashScreen": {
            "launchShowDuration": 0
        }
    },
    "cordova": {
        "preferences": {
            "ScrollEnabled": "false",
            "BackupWebStorage": "none",
            "SplashMaintainAspectRatio": "true",
            "FadeSplashScreenDuration": "300",
            "SplashShowOnlyFirstTime": "false",
            "SplashScreen": "screen",
            "SplashScreenDelay": "3000",
            "API_KEY_FOR_ANDROID": "AIzaSyDQT9_ljvvQ8OvwJ3QxGgWghfd5lTkhfnU"
        }
    }
}